<?xml version="1.0" encoding="UTF-8"?>
<article>
  <front>
    <article-meta>
      <title-group>
        <article-title>Campañas de higiene escolar en Concepción (1905-1915)</article-title>
      </title-group>
      <contrib-group>
        <contrib contrib-type="author"><name><surname>Pérez</surname><given-names>María</given-names></name></contrib>
        <contrib contrib-type="author"><name><surname>Gómez</surname><given-names>Luis</given-names></name></contrib>
      </contrib-group>
      <pub-date><year>1916</year></pub-date>
      <journal-meta><journal-title>Revista de Salubridad</journal-title></journal-meta>
    </article-meta>
  </front>
  <body>
    <sec><title>Introducción</title><p>La higiene escolar surge como prioridad...</p></sec>
    <sec><title>Métodos</title><p>Se revisaron campañas municipales...</p></sec>
  </body>
</article>
